Timestamp,ASIN,Status,Note
2026-05-07 14:48:48,B08L8NZ765,Failed,Submit button not found
2026-05-07 14:49:05,B096GCMH11,Failed,Submit button not found
2026-05-07 14:56:02,B08L8NZ765,Failed,Submit button not found
2026-05-07 14:56:19,B096GCMH11,Failed,Submit button not found
2026-05-07 14:59:24,B08L8NZ765,Failed,Submit button not found
2026-05-07 14:59:42,B096GCMH11,Failed,Submit button not found
2026-05-07 15:02:12,B08L8NZ765,Failed,Submit button not found
2026-05-07 15:02:30,B096GCMH11,Failed,Submit button not found
2026-05-07 15:04:29,B08L8NZ765,Failed,Submit button not found
2026-05-07 15:04:56,B096GCMH11,Failed,Submit button not found
2026-05-07 15:08:35,B08L8NZ765,Failed,Submit button not found
2026-05-07 15:09:02,B096GCMH11,Failed,Submit button not found
2026-05-07 15:12:16,B08L8NZ765,Failed,Submit button not found
2026-05-07 15:12:40,B096GCMH11,Failed,Submit button not found
2026-05-07 15:16:13,B08L8NZ765,Failed,Submit button not found
2026-05-07 15:16:29,B096GCMH11,Failed,Submit button not found
2026-05-07 15:20:47,B08L8NZ765,Failed,Submit button not found
2026-05-07 15:21:13,B096GCMH11,Failed,Submit button not found
2026-05-07 15:23:33,B08L8NZ765,Failed,Submit button not found
2026-05-07 15:23:50,B096GCMH11,Failed,Submit button not found
2026-05-07 15:37:34,B08L8NZ765,Failed,Submit button not found
2026-05-07 15:37:59,B096GCMH11,Failed,Submit button not found
2026-05-07 15:41:55,B08L8NZ765,Failed,Submit button not found
2026-05-07 15:42:20,B096GCMH11,Failed,Submit button not found
2026-05-07 15:48:37,B08L8NZ765,Failed,Submit button not found
2026-05-07 15:49:02,B096GCMH11,Failed,Submit button not found
2026-05-07 15:50:57,B08L8NZ765,Failed,Submit button not found
2026-05-07 15:51:23,B096GCMH11,Failed,Submit button not found
2026-05-07 15:56:29,B08L8NZ765,Failed,Submit button not found
2026-05-07 15:56:55,B096GCMH11,Failed,Submit button not found
